{"cameraMode":{"drawMode":0,"name":"Shaded","section":"Shading Mode"},"sceneLighting":false,"audioPlay":false,"sceneViewState":{"m_AlwaysRefresh":false,"showFog":true,"showSkybox":false,"showFlares":true,"showImageEffects":true,"showParticleSystems":true,"showVisualEffectGraphs":true,"m_FxEnabled":true},"in2DMode":false,"pivot":{"x":0.047968387603759769,"y":0.31771713495254519,"z":0.08269408345222473},"rotation":{"x":-0.332886666059494,"y":0.2762044668197632,"z":-0.10264473408460617,"w":-0.8957568407058716},"size":0.28664714097976687,"orthographic":false}